case_id,region,actual_sequence,is_conformant,missing_steps,unexpected_steps,wrong_order_detected
ORD-0001,DE,Order Created → Order Approved → Production Started → Quality Check → Shipping Started → Delivered,True,,,False
ORD-0002,IN,Order Created → Order Approved → Production Started → Quality Check → Shipping Started → Delivered,True,,,False
ORD-0003,CN,Order Created → Order Approved → Production Started → Quality Check → Shipping Started → Delivered,True,,,False
ORD-0004,CN,Order Created → Order Approved → Production Started → Quality Check → Shipping Started → Delivered,True,,,False
ORD-0005,CN,Order Created → Order Approved → Production Started → Quality Check → Shipping Started → Delivered,True,,,False
ORD-0006,CN,Order Created → Order Approved → Production Started → Quality Check → Shipping Started → Delivered,True,,,False
ORD-0007,BR,Order Created → Order Approved → Production Started → Quality Check → Shipping Started → Delivered,True,,,False
ORD-0008,DE,Order Created → Order Approved → Production Started → Quality Check → Shipping Started → Delivered,True,,,False
ORD-0009,DE,Order Created → Order Approved → Production Started → Quality Check → Shipping Started → Delivered,True,,,False
ORD-0010,US,Order Created → Order Approved → Production Started → Quality Check → Shipping Started → Delivered,True,,,False
ORD-0011,IN,Order Created → Order Approved → Production Started → Quality Check → Shipping Started → Delivered,True,,,False
ORD-0012,US,Order Created → Order Approved → Production Started → Quality Check → Shipping Started → Delivered,True,,,False
ORD-0013,CN,Order Created → Order Approved → Production Started → Quality Check → Shipping Started → Delivered,True,,,False
ORD-0014,CN,Order Created → Order Approved → Production Started → Quality Check → Shipping Started → Delivered,True,,,False
ORD-0015,DE,Order Created → Order Approved → Production Started → Quality Check → Shipping Started → Delivered,True,,,False
ORD-0016,BR,Order Created → Order Approved → Production Started → Quality Check → Shipping Started → Delivered,True,,,False
ORD-0017,BR,Order Created → Order Approved → Production Started → Quality Check → Shipping Started → Delivered,True,,,False
ORD-0018,BR,Order Created → Order Approved → Production Started → Quality Check → Shipping Started → Delivered,True,,,False
ORD-0019,US,Order Created → Order Approved → Production Started → Quality Check → Shipping Started → Delivered,True,,,False
ORD-0020,CN,Order Created → Order Approved → Production Started → Quality Check → Shipping Started → Delivered,True,,,False
ORD-0021,US,Order Created → Order Approved → Production Started → Quality Check → Shipping Started → Delivered,True,,,False
ORD-0022,IN,Order Created → Order Approved → Production Started → Quality Check → Shipping Started → Delivered,True,,,False
ORD-0023,CN,Order Created → Order Approved → Production Started → Quality Check → Shipping Started → Delivered,True,,,False
ORD-0024,BR,Order Created → Order Approved → Production Started → Quality Check → Shipping Started → Delivered,True,,,False
ORD-0025,DE,Order Created → Order Approved → Production Started → Quality Check → Shipping Started → Delivered,True,,,False
ORD-0026,US,Order Created → Order Approved → Production Started → Quality Check → Shipping Started → Delivered,True,,,False
ORD-0027,BR,Order Created → Order Approved → Production Started → Quality Check → Shipping Started → Delivered,True,,,False
ORD-0028,IN,Order Created → Order Approved → Production Started → Quality Check → Shipping Started → Delivered,True,,,False
ORD-0029,DE,Order Created → Order Approved → Production Started → Quality Check → Shipping Started → Delivered,True,,,False
ORD-0030,CN,Order Created → Order Approved → Production Started → Quality Check → Shipping Started → Delivered,True,,,False
ORD-0031,IN,Order Created → Order Approved → Production Started → Quality Check → Shipping Started → Delivered,True,,,False
ORD-0032,IN,Order Created → Order Approved → Production Started → Quality Check → Shipping Started → Delivered,True,,,False
ORD-0033,US,Order Created → Order Approved → Production Started → Quality Check → Shipping Started → Delivered,True,,,False
ORD-0034,US,Order Created → Order Approved → Production Started → Quality Check → Shipping Started → Delivered,True,,,False
ORD-0035,BR,Order Created → Order Approved → Production Started → Quality Check → Shipping Started → Delivered,True,,,False
ORD-0036,US,Order Created → Order Approved → Production Started → Quality Check → Shipping Started → Delivered,True,,,False
ORD-0037,DE,Order Created → Order Approved → Production Started → Quality Check → Shipping Started → Delivered,True,,,False
ORD-0038,IN,Order Created → Order Approved → Production Started → Quality Check → Shipping Started → Delivered,True,,,False
ORD-0039,IN,Order Created → Order Approved → Production Started → Quality Check → Shipping Started → Delivered,True,,,False
ORD-0040,US,Order Created → Order Approved → Production Started → Quality Check → Shipping Started → Delivered,True,,,False
ORD-0041,US,Order Created → Order Approved → Production Started → Quality Check → Shipping Started → Delivered,True,,,False
ORD-0042,US,Order Created → Order Approved → Production Started → Quality Check → Shipping Started → Delivered,True,,,False
ORD-0043,BR,Order Created → Order Approved → Production Started → Quality Check → Shipping Started → Delivered,True,,,False
ORD-0044,BR,Order Created → Order Approved → Production Started → Quality Check → Shipping Started → Delivered,True,,,False
ORD-0045,CN,Order Created → Order Approved → Production Started → Quality Check → Shipping Started → Delivered,True,,,False
ORD-0046,CN,Order Created → Order Approved → Production Started → Quality Check → Shipping Started → Delivered,True,,,False
ORD-0047,BR,Order Created → Order Approved → Production Started → Quality Check → Shipping Started → Delivered,True,,,False
ORD-0048,DE,Order Created → Order Approved → Production Started → Quality Check → Shipping Started → Delivered,True,,,False
ORD-0049,IN,Order Created → Order Approved → Production Started → Quality Check → Shipping Started → Delivered,True,,,False
ORD-0050,IN,Order Created → Order Approved → Production Started → Quality Check → Shipping Started → Delivered,True,,,False
ORD-0051,DE,Order Created → Order Approved → Production Started → Quality Check → Shipping Started → Delivered,True,,,False
ORD-0052,BR,Order Created → Order Approved → Production Started → Quality Check → Shipping Started → Delivered,True,,,False
ORD-0053,DE,Order Created → Order Approved → Production Started → Quality Check → Shipping Started → Delivered,True,,,False
ORD-0054,CN,Order Created → Order Approved → Production Started → Quality Check → Shipping Started → Delivered,True,,,False
ORD-0055,CN,Order Created → Order Approved → Production Started → Quality Check → Shipping Started → Delivered,True,,,False
ORD-0056,US,Order Created → Order Approved → Production Started → Quality Check → Shipping Started → Delivered,True,,,False
ORD-0057,BR,Order Created → Order Approved → Production Started → Quality Check → Shipping Started → Delivered,True,,,False
ORD-0058,CN,Order Created → Order Approved → Production Started → Quality Check → Shipping Started → Delivered,True,,,False
ORD-0059,CN,Order Created → Order Approved → Production Started → Quality Check → Shipping Started → Delivered,True,,,False
ORD-0060,DE,Order Created → Order Approved → Production Started → Quality Check → Shipping Started → Delivered,True,,,False
ORD-0061,US,Order Created → Order Approved → Production Started → Quality Check → Shipping Started → Delivered,True,,,False
ORD-0062,DE,Order Created → Order Approved → Production Started → Quality Check → Shipping Started → Delivered,True,,,False
ORD-0063,BR,Order Created → Order Approved → Production Started → Quality Check → Shipping Started → Delivered,True,,,False
ORD-0064,CN,Order Created → Order Approved → Production Started → Quality Check → Shipping Started → Delivered,True,,,False
ORD-0065,US,Order Created → Order Approved → Production Started → Quality Check → Shipping Started → Delivered,True,,,False
ORD-0066,US,Order Created → Order Approved → Production Started → Quality Check → Shipping Started → Delivered,True,,,False
ORD-0067,US,Order Created → Order Approved → Production Started → Quality Check → Shipping Started → Delivered,True,,,False
ORD-0068,BR,Order Created → Order Approved → Production Started → Quality Check → Shipping Started → Delivered,True,,,False
ORD-0069,DE,Order Created → Order Approved → Production Started → Quality Check → Shipping Started → Delivered,True,,,False
ORD-0070,BR,Order Created → Order Approved → Production Started → Quality Check → Shipping Started → Delivered,True,,,False
ORD-0071,BR,Order Created → Order Approved → Production Started → Quality Check → Shipping Started → Delivered,True,,,False
ORD-0072,IN,Order Created → Order Approved → Production Started → Quality Check → Shipping Started → Delivered,True,,,False
ORD-0073,CN,Order Created → Order Approved → Production Started → Quality Check → Shipping Started → Delivered,True,,,False
ORD-0074,DE,Order Created → Order Approved → Production Started → Quality Check → Shipping Started → Delivered,True,,,False
ORD-0075,IN,Order Created → Order Approved → Production Started → Quality Check → Shipping Started → Delivered,True,,,False
ORD-0076,US,Order Created → Order Approved → Production Started → Quality Check → Shipping Started → Delivered,True,,,False
ORD-0077,BR,Order Created → Order Approved → Production Started → Quality Check → Shipping Started → Delivered,True,,,False
ORD-0078,CN,Order Created → Order Approved → Production Started → Quality Check → Shipping Started → Delivered,True,,,False
ORD-0079,IN,Order Created → Order Approved → Production Started → Quality Check → Shipping Started → Delivered,True,,,False
ORD-0080,US,Order Created → Order Approved → Production Started → Quality Check → Shipping Started → Delivered,True,,,False
ORD-0081,US,Order Created → Order Approved → Production Started → Quality Check → Shipping Started → Delivered,True,,,False
ORD-0082,US,Order Created → Order Approved → Production Started → Quality Check → Shipping Started → Delivered,True,,,False
ORD-0083,CN,Order Created → Order Approved → Production Started → Quality Check → Shipping Started → Delivered,True,,,False
ORD-0084,DE,Order Created → Order Approved → Production Started → Quality Check → Shipping Started → Delivered,True,,,False
ORD-0085,BR,Order Created → Order Approved → Production Started → Quality Check → Shipping Started → Delivered,True,,,False
ORD-0086,CN,Order Created → Order Approved → Production Started → Quality Check → Shipping Started → Delivered,True,,,False
ORD-0087,BR,Order Created → Order Approved → Production Started → Quality Check → Shipping Started → Delivered,True,,,False
ORD-0088,IN,Order Created → Order Approved → Production Started → Quality Check → Shipping Started → Delivered,True,,,False
ORD-0089,US,Order Created → Order Approved → Production Started → Quality Check → Shipping Started → Delivered,True,,,False
ORD-0090,IN,Order Created → Order Approved → Production Started → Quality Check → Shipping Started → Delivered,True,,,False
ORD-0091,IN,Order Created → Order Approved → Production Started → Quality Check → Shipping Started → Delivered,True,,,False
ORD-0092,IN,Order Created → Order Approved → Production Started → Quality Check → Shipping Started → Delivered,True,,,False
ORD-0093,IN,Order Created → Order Approved → Production Started → Quality Check → Shipping Started → Delivered,True,,,False
ORD-0094,US,Order Created → Order Approved → Production Started → Quality Check → Shipping Started → Delivered,True,,,False
ORD-0095,CN,Order Created → Order Approved → Production Started → Quality Check → Shipping Started → Delivered,True,,,False
ORD-0096,CN,Order Created → Order Approved → Production Started → Quality Check → Shipping Started → Delivered,True,,,False
ORD-0097,CN,Order Created → Order Approved → Production Started → Quality Check → Shipping Started → Delivered,True,,,False
ORD-0098,US,Order Created → Order Approved → Production Started → Quality Check → Shipping Started → Delivered,True,,,False
ORD-0099,IN,Order Created → Order Approved → Production Started → Quality Check → Shipping Started → Delivered,True,,,False
ORD-0100,BR,Order Created → Order Approved → Production Started → Quality Check → Shipping Started → Delivered,True,,,False
ORD-0101,US,Order Created → Order Approved → Production Started → Quality Check → Shipping Started → Delivered,True,,,False
ORD-0102,IN,Order Created → Order Approved → Production Started → Quality Check → Shipping Started → Delivered,True,,,False
ORD-0103,BR,Order Created → Order Approved → Production Started → Quality Check → Shipping Started → Delivered,True,,,False
ORD-0104,DE,Order Created → Order Approved → Production Started → Quality Check → Shipping Started → Delivered,True,,,False
ORD-0105,US,Order Created → Order Approved → Production Started → Quality Check → Shipping Started → Delivered,True,,,False
ORD-0106,DE,Order Created → Order Approved → Production Started → Quality Check → Shipping Started → Delivered,True,,,False
ORD-0107,DE,Order Created → Order Approved → Production Started → Quality Check → Shipping Started → Delivered,True,,,False
ORD-0108,CN,Order Created → Order Approved → Production Started → Quality Check → Shipping Started → Delivered,True,,,False
ORD-0109,BR,Order Created → Order Approved → Production Started → Quality Check → Shipping Started → Delivered,True,,,False
ORD-0110,BR,Order Created → Order Approved → Production Started → Quality Check → Shipping Started → Delivered,True,,,False
ORD-0111,US,Order Created → Order Approved → Production Started → Quality Check → Shipping Started → Delivered,True,,,False
ORD-0112,IN,Order Created → Order Approved → Production Started → Quality Check → Shipping Started → Delivered,True,,,False
ORD-0113,IN,Order Created → Order Approved → Production Started → Quality Check → Shipping Started → Delivered,True,,,False
ORD-0114,CN,Order Created → Order Approved → Production Started → Quality Check → Shipping Started → Delivered,True,,,False
ORD-0115,US,Order Created → Order Approved → Production Started → Quality Check → Shipping Started → Delivered,True,,,False
ORD-0116,BR,Order Created → Order Approved → Production Started → Quality Check → Shipping Started → Delivered,True,,,False
ORD-0117,BR,Order Created → Order Approved → Production Started → Quality Check → Shipping Started → Delivered,True,,,False
ORD-0118,BR,Order Created → Order Approved → Production Started → Quality Check → Shipping Started → Delivered,True,,,False
ORD-0119,DE,Order Created → Order Approved → Production Started → Quality Check → Shipping Started → Delivered,True,,,False
ORD-0120,DE,Order Created → Order Approved → Production Started → Quality Check → Shipping Started → Delivered,True,,,False
ORD-0121,CN,Order Created → Order Approved → Production Started → Quality Check → Shipping Started → Delivered,True,,,False
ORD-0122,DE,Order Created → Order Approved → Production Started → Quality Check → Shipping Started → Delivered,True,,,False
ORD-0123,BR,Order Created → Order Approved → Production Started → Quality Check → Shipping Started → Delivered,True,,,False
ORD-0124,CN,Order Created → Order Approved → Production Started → Quality Check → Shipping Started → Delivered,True,,,False
ORD-0125,IN,Order Created → Order Approved → Production Started → Quality Check → Shipping Started → Delivered,True,,,False
ORD-0126,IN,Order Created → Order Approved → Production Started → Quality Check → Shipping Started → Delivered,True,,,False
ORD-0127,US,Order Created → Order Approved → Production Started → Quality Check → Shipping Started → Delivered,True,,,False
ORD-0128,CN,Order Created → Order Approved → Production Started → Quality Check → Shipping Started → Delivered,True,,,False
ORD-0129,IN,Order Created → Order Approved → Production Started → Quality Check → Shipping Started → Delivered,True,,,False
ORD-0130,IN,Order Created → Order Approved → Production Started → Quality Check → Shipping Started → Delivered,True,,,False
ORD-0131,US,Order Created → Order Approved → Production Started → Quality Check → Shipping Started → Delivered,True,,,False
ORD-0132,DE,Order Created → Order Approved → Production Started → Quality Check → Shipping Started → Delivered,True,,,False
ORD-0133,BR,Order Created → Order Approved → Production Started → Quality Check → Shipping Started → Delivered,True,,,False
ORD-0134,IN,Order Created → Order Approved → Production Started → Quality Check → Shipping Started → Delivered,True,,,False
ORD-0135,BR,Order Created → Order Approved → Production Started → Quality Check → Shipping Started → Delivered,True,,,False
ORD-0136,IN,Order Created → Order Approved → Production Started → Quality Check → Shipping Started → Delivered,True,,,False
ORD-0137,US,Order Created → Order Approved → Production Started → Quality Check → Shipping Started → Delivered,True,,,False
ORD-0138,DE,Order Created → Order Approved → Production Started → Quality Check → Shipping Started → Delivered,True,,,False
ORD-0139,IN,Order Created → Order Approved → Production Started → Quality Check → Shipping Started → Delivered,True,,,False
ORD-0140,BR,Order Created → Order Approved → Production Started → Quality Check → Shipping Started → Delivered,True,,,False
ORD-0141,US,Order Created → Order Approved → Production Started → Quality Check → Shipping Started → Delivered,True,,,False
ORD-0142,CN,Order Created → Order Approved → Production Started → Quality Check → Shipping Started → Delivered,True,,,False
ORD-0143,US,Order Created → Order Approved → Production Started → Quality Check → Shipping Started → Delivered,True,,,False
ORD-0144,CN,Order Created → Order Approved → Production Started → Quality Check → Shipping Started → Delivered,True,,,False
ORD-0145,DE,Order Created → Order Approved → Production Started → Quality Check → Shipping Started → Delivered,True,,,False
ORD-0146,IN,Order Created → Order Approved → Production Started → Quality Check → Shipping Started → Delivered,True,,,False
ORD-0147,CN,Order Created → Order Approved → Production Started → Quality Check → Shipping Started → Delivered,True,,,False
ORD-0148,CN,Order Created → Order Approved → Production Started → Quality Check → Shipping Started → Delivered,True,,,False
ORD-0149,BR,Order Created → Order Approved → Production Started → Quality Check → Shipping Started → Delivered,True,,,False
ORD-0150,IN,Order Created → Order Approved → Production Started → Quality Check → Shipping Started → Delivered,True,,,False
ORD-0151,CN,Order Created → Order Approved → Production Started → Quality Check → Shipping Started → Delivered,True,,,False
ORD-0152,BR,Order Created → Order Approved → Production Started → Quality Check → Shipping Started → Delivered,True,,,False
ORD-0153,IN,Order Created → Order Approved → Production Started → Quality Check → Shipping Started → Delivered,True,,,False
ORD-0154,IN,Order Created → Order Approved → Production Started → Quality Check → Shipping Started → Delivered,True,,,False
ORD-0155,DE,Order Created → Order Approved → Production Started → Quality Check → Shipping Started → Delivered,True,,,False
ORD-0156,BR,Order Created → Order Approved → Production Started → Quality Check → Shipping Started → Delivered,True,,,False
ORD-0157,DE,Order Created → Order Approved → Production Started → Quality Check → Shipping Started → Delivered,True,,,False
ORD-0158,DE,Order Created → Order Approved → Production Started → Quality Check → Shipping Started → Delivered,True,,,False
ORD-0159,DE,Order Created → Order Approved → Production Started → Quality Check → Shipping Started → Delivered,True,,,False
ORD-0160,CN,Order Created → Order Approved → Production Started → Quality Check → Shipping Started → Delivered,True,,,False
ORD-0161,BR,Order Created → Order Approved → Production Started → Quality Check → Shipping Started → Delivered,True,,,False
ORD-0162,US,Order Created → Order Approved → Production Started → Quality Check → Shipping Started → Delivered,True,,,False
ORD-0163,BR,Order Created → Order Approved → Production Started → Quality Check → Shipping Started → Delivered,True,,,False
ORD-0164,US,Order Created → Order Approved → Production Started → Quality Check → Shipping Started → Delivered,True,,,False
ORD-0165,US,Order Created → Order Approved → Production Started → Quality Check → Shipping Started → Delivered,True,,,False
ORD-0166,BR,Order Created → Order Approved → Production Started → Quality Check → Shipping Started → Delivered,True,,,False
ORD-0167,US,Order Created → Order Approved → Production Started → Quality Check → Shipping Started → Delivered,True,,,False
ORD-0168,CN,Order Created → Order Approved → Production Started → Quality Check → Shipping Started → Delivered,True,,,False
ORD-0169,US,Order Created → Order Approved → Production Started → Quality Check → Shipping Started → Delivered,True,,,False
ORD-0170,IN,Order Created → Order Approved → Production Started → Quality Check → Shipping Started → Delivered,True,,,False
ORD-0171,DE,Order Created → Order Approved → Production Started → Quality Check → Shipping Started → Delivered,True,,,False
ORD-0172,US,Order Created → Order Approved → Production Started → Quality Check → Shipping Started → Delivered,True,,,False
ORD-0173,BR,Order Created → Order Approved → Production Started → Quality Check → Shipping Started → Delivered,True,,,False
ORD-0174,CN,Order Created → Order Approved → Production Started → Quality Check → Shipping Started → Delivered,True,,,False
ORD-0175,IN,Order Created → Order Approved → Production Started → Quality Check → Shipping Started → Delivered,True,,,False
ORD-0176,DE,Order Created → Order Approved → Production Started → Quality Check → Shipping Started → Delivered,True,,,False
ORD-0177,BR,Order Created → Order Approved → Production Started → Quality Check → Shipping Started → Delivered,True,,,False
ORD-0178,BR,Order Created → Order Approved → Production Started → Quality Check → Shipping Started → Delivered,True,,,False
ORD-0179,BR,Order Created → Order Approved → Production Started → Quality Check → Shipping Started → Delivered,True,,,False
ORD-0180,CN,Order Created → Order Approved → Production Started → Quality Check → Shipping Started → Delivered,True,,,False
ORD-0181,CN,Order Created → Order Approved → Production Started → Quality Check → Shipping Started → Delivered,True,,,False
ORD-0182,BR,Order Created → Order Approved → Production Started → Quality Check → Shipping Started → Delivered,True,,,False
ORD-0183,BR,Order Created → Order Approved → Production Started → Quality Check → Shipping Started → Delivered,True,,,False
ORD-0184,IN,Order Created → Order Approved → Production Started → Quality Check → Shipping Started → Delivered,True,,,False
ORD-0185,US,Order Created → Order Approved → Production Started → Quality Check → Shipping Started → Delivered,True,,,False
ORD-0186,IN,Order Created → Order Approved → Production Started → Quality Check → Shipping Started → Delivered,True,,,False
ORD-0187,CN,Order Created → Order Approved → Production Started → Quality Check → Shipping Started → Delivered,True,,,False
ORD-0188,DE,Order Created → Order Approved → Production Started → Quality Check → Shipping Started → Delivered,True,,,False
ORD-0189,CN,Order Created → Order Approved → Production Started → Quality Check → Shipping Started → Delivered,True,,,False
ORD-0190,DE,Order Created → Order Approved → Production Started → Quality Check → Shipping Started → Delivered,True,,,False
ORD-0191,BR,Order Created → Order Approved → Production Started → Quality Check → Shipping Started → Delivered,True,,,False
ORD-0192,CN,Order Created → Order Approved → Production Started → Quality Check → Shipping Started → Delivered,True,,,False
ORD-0193,IN,Order Created → Order Approved → Production Started → Quality Check → Shipping Started → Delivered,True,,,False
ORD-0194,BR,Order Created → Order Approved → Production Started → Quality Check → Shipping Started → Delivered,True,,,False
ORD-0195,BR,Order Created → Order Approved → Production Started → Quality Check → Shipping Started → Delivered,True,,,False
ORD-0196,IN,Order Created → Order Approved → Production Started → Quality Check → Shipping Started → Delivered,True,,,False
ORD-0197,US,Order Created → Order Approved → Production Started → Quality Check → Shipping Started → Delivered,True,,,False
ORD-0198,IN,Order Created → Order Approved → Production Started → Quality Check → Shipping Started → Delivered,True,,,False
ORD-0199,DE,Order Created → Order Approved → Production Started → Quality Check → Shipping Started → Delivered,True,,,False
ORD-0200,CN,Order Created → Order Approved → Production Started → Quality Check → Shipping Started → Delivered,True,,,False
ORD-0201,DE,Order Created → Order Approved → Production Started → Quality Check → Shipping Started → Delivered,True,,,False
ORD-0202,CN,Order Created → Order Approved → Production Started → Quality Check → Shipping Started → Delivered,True,,,False
ORD-0203,DE,Order Created → Order Approved → Production Started → Quality Check → Shipping Started → Delivered,True,,,False
ORD-0204,BR,Order Created → Order Approved → Production Started → Quality Check → Shipping Started → Delivered,True,,,False
ORD-0205,CN,Order Created → Order Approved → Production Started → Quality Check → Shipping Started → Delivered,True,,,False
ORD-0206,US,Order Created → Order Approved → Production Started → Quality Check → Shipping Started → Delivered,True,,,False
ORD-0207,BR,Order Created → Order Approved → Production Started → Quality Check → Shipping Started → Delivered,True,,,False
ORD-0208,IN,Order Created → Order Approved → Production Started → Quality Check → Shipping Started → Delivered,True,,,False
ORD-0209,US,Order Created → Order Approved → Production Started → Quality Check → Shipping Started → Delivered,True,,,False
ORD-0210,CN,Order Created → Order Approved → Production Started → Quality Check → Shipping Started → Delivered,True,,,False
ORD-0211,BR,Order Created → Order Approved → Production Started → Quality Check → Shipping Started → Delivered,True,,,False
ORD-0212,IN,Order Created → Order Approved → Production Started → Quality Check → Shipping Started → Delivered,True,,,False
ORD-0213,IN,Order Created → Order Approved → Production Started → Quality Check → Shipping Started → Delivered,True,,,False
ORD-0214,CN,Order Created → Order Approved → Production Started → Quality Check → Shipping Started → Delivered,True,,,False
ORD-0215,CN,Order Created → Order Approved → Production Started → Quality Check → Shipping Started → Delivered,True,,,False
ORD-0216,DE,Order Created → Order Approved → Production Started → Quality Check → Shipping Started → Delivered,True,,,False
ORD-0217,CN,Order Created → Order Approved → Production Started → Quality Check → Shipping Started → Delivered,True,,,False
ORD-0218,IN,Order Created → Order Approved → Production Started → Quality Check → Shipping Started → Delivered,True,,,False
ORD-0219,IN,Order Created → Order Approved → Production Started → Quality Check → Shipping Started → Delivered,True,,,False
ORD-0220,BR,Order Created → Order Approved → Production Started → Quality Check → Shipping Started → Delivered,True,,,False
ORD-0221,BR,Order Created → Order Approved → Production Started → Quality Check → Shipping Started → Delivered,True,,,False
ORD-0222,CN,Order Created → Order Approved → Production Started → Quality Check → Shipping Started → Delivered,True,,,False
ORD-0223,CN,Order Created → Order Approved → Production Started → Quality Check → Shipping Started → Delivered,True,,,False
ORD-0224,US,Order Created → Order Approved → Production Started → Quality Check → Shipping Started → Delivered,True,,,False
ORD-0225,BR,Order Created → Order Approved → Production Started → Quality Check → Shipping Started → Delivered,True,,,False
ORD-0226,DE,Order Created → Order Approved → Production Started → Quality Check → Shipping Started → Delivered,True,,,False
ORD-0227,DE,Order Created → Order Approved → Production Started → Quality Check → Shipping Started → Delivered,True,,,False
ORD-0228,US,Order Created → Order Approved → Production Started → Quality Check → Shipping Started → Delivered,True,,,False
ORD-0229,IN,Order Created → Order Approved → Production Started → Quality Check → Shipping Started → Delivered,True,,,False
ORD-0230,US,Order Created → Order Approved → Production Started → Quality Check → Shipping Started → Delivered,True,,,False
ORD-0231,US,Order Created → Order Approved → Production Started → Quality Check → Shipping Started → Delivered,True,,,False
ORD-0232,CN,Order Created → Order Approved → Production Started → Quality Check → Shipping Started → Delivered,True,,,False
ORD-0233,DE,Order Created → Order Approved → Production Started → Quality Check → Shipping Started → Delivered,True,,,False
ORD-0234,CN,Order Created → Order Approved → Production Started → Quality Check → Shipping Started → Delivered,True,,,False
ORD-0235,US,Order Created → Order Approved → Production Started → Quality Check → Shipping Started → Delivered,True,,,False
ORD-0236,IN,Order Created → Order Approved → Production Started → Quality Check → Shipping Started → Delivered,True,,,False
ORD-0237,IN,Order Created → Order Approved → Production Started → Quality Check → Shipping Started → Delivered,True,,,False
ORD-0238,DE,Order Created → Order Approved → Production Started → Quality Check → Shipping Started → Delivered,True,,,False
ORD-0239,BR,Order Created → Order Approved → Production Started → Quality Check → Shipping Started → Delivered,True,,,False
ORD-0240,US,Order Created → Order Approved → Production Started → Quality Check → Shipping Started → Delivered,True,,,False
ORD-0241,DE,Order Created → Order Approved → Production Started → Quality Check → Shipping Started → Delivered,True,,,False
ORD-0242,IN,Order Created → Order Approved → Production Started → Quality Check → Shipping Started → Delivered,True,,,False
ORD-0243,BR,Order Created → Order Approved → Production Started → Quality Check → Shipping Started → Delivered,True,,,False
ORD-0244,BR,Order Created → Order Approved → Production Started → Quality Check → Shipping Started → Delivered,True,,,False
ORD-0245,CN,Order Created → Order Approved → Production Started → Quality Check → Shipping Started → Delivered,True,,,False
ORD-0246,BR,Order Created → Order Approved → Production Started → Quality Check → Shipping Started → Delivered,True,,,False
ORD-0247,BR,Order Created → Order Approved → Production Started → Quality Check → Shipping Started → Delivered,True,,,False
ORD-0248,DE,Order Created → Order Approved → Production Started → Quality Check → Shipping Started → Delivered,True,,,False
ORD-0249,US,Order Created → Order Approved → Production Started → Quality Check → Shipping Started → Delivered,True,,,False
ORD-0250,IN,Order Created → Order Approved → Production Started → Quality Check → Shipping Started → Delivered,True,,,False
ORD-0251,CN,Order Created → Order Approved → Production Started → Quality Check → Shipping Started → Delivered,True,,,False
ORD-0252,BR,Order Created → Order Approved → Production Started → Quality Check → Shipping Started → Delivered,True,,,False
ORD-0253,IN,Order Created → Order Approved → Production Started → Quality Check → Shipping Started → Delivered,True,,,False
ORD-0254,BR,Order Created → Order Approved → Production Started → Quality Check → Shipping Started → Delivered,True,,,False
ORD-0255,DE,Order Created → Order Approved → Production Started → Quality Check → Shipping Started → Delivered,True,,,False
ORD-0256,DE,Order Created → Order Approved → Production Started → Quality Check → Shipping Started → Delivered,True,,,False
ORD-0257,BR,Order Created → Order Approved → Production Started → Quality Check → Shipping Started → Delivered,True,,,False
ORD-0258,IN,Order Created → Order Approved → Production Started → Quality Check → Shipping Started → Delivered,True,,,False
ORD-0259,US,Order Created → Order Approved → Production Started → Quality Check → Shipping Started → Delivered,True,,,False
ORD-0260,BR,Order Created → Order Approved → Production Started → Quality Check → Shipping Started → Delivered,True,,,False
ORD-0261,IN,Order Created → Order Approved → Production Started → Quality Check → Shipping Started → Delivered,True,,,False
ORD-0262,BR,Order Created → Order Approved → Production Started → Quality Check → Shipping Started → Delivered,True,,,False
ORD-0263,DE,Order Created → Order Approved → Production Started → Quality Check → Shipping Started → Delivered,True,,,False
ORD-0264,US,Order Created → Order Approved → Production Started → Quality Check → Shipping Started → Delivered,True,,,False
ORD-0265,US,Order Created → Order Approved → Production Started → Quality Check → Shipping Started → Delivered,True,,,False
ORD-0266,DE,Order Created → Order Approved → Production Started → Quality Check → Shipping Started → Delivered,True,,,False
ORD-0267,IN,Order Created → Order Approved → Production Started → Quality Check → Shipping Started → Delivered,True,,,False
ORD-0268,BR,Order Created → Order Approved → Production Started → Quality Check → Shipping Started → Delivered,True,,,False
ORD-0269,BR,Order Created → Order Approved → Production Started → Quality Check → Shipping Started → Delivered,True,,,False
ORD-0270,US,Order Created → Order Approved → Production Started → Quality Check → Shipping Started → Delivered,True,,,False
ORD-0271,IN,Order Created → Order Approved → Production Started → Quality Check → Shipping Started → Delivered,True,,,False
ORD-0272,DE,Order Created → Order Approved → Production Started → Quality Check → Shipping Started → Delivered,True,,,False
ORD-0273,DE,Order Created → Order Approved → Production Started → Quality Check → Shipping Started → Delivered,True,,,False
ORD-0274,DE,Order Created → Order Approved → Production Started → Quality Check → Shipping Started → Delivered,True,,,False
ORD-0275,CN,Order Created → Order Approved → Production Started → Quality Check → Shipping Started → Delivered,True,,,False
ORD-0276,BR,Order Created → Order Approved → Production Started → Quality Check → Shipping Started → Delivered,True,,,False
ORD-0277,CN,Order Created → Order Approved → Production Started → Quality Check → Shipping Started → Delivered,True,,,False
ORD-0278,IN,Order Created → Order Approved → Production Started → Quality Check → Shipping Started → Delivered,True,,,False
ORD-0279,IN,Order Created → Order Approved → Production Started → Quality Check → Shipping Started → Delivered,True,,,False
ORD-0280,DE,Order Created → Order Approved → Production Started → Quality Check → Shipping Started → Delivered,True,,,False
ORD-0281,BR,Order Created → Order Approved → Production Started → Quality Check → Shipping Started → Delivered,True,,,False
ORD-0282,BR,Order Created → Order Approved → Production Started → Quality Check → Shipping Started → Delivered,True,,,False
ORD-0283,CN,Order Created → Order Approved → Production Started → Quality Check → Shipping Started → Delivered,True,,,False
ORD-0284,US,Order Created → Order Approved → Production Started → Quality Check → Shipping Started → Delivered,True,,,False
ORD-0285,DE,Order Created → Order Approved → Production Started → Quality Check → Shipping Started → Delivered,True,,,False
ORD-0286,CN,Order Created → Order Approved → Production Started → Quality Check → Shipping Started → Delivered,True,,,False
ORD-0287,IN,Order Created → Order Approved → Production Started → Quality Check → Shipping Started → Delivered,True,,,False
ORD-0288,US,Order Created → Order Approved → Production Started → Quality Check → Shipping Started → Delivered,True,,,False
ORD-0289,CN,Order Created → Order Approved → Production Started → Quality Check → Shipping Started → Delivered,True,,,False
ORD-0290,DE,Order Created → Order Approved → Production Started → Quality Check → Shipping Started → Delivered,True,,,False
ORD-0291,BR,Order Created → Order Approved → Production Started → Quality Check → Shipping Started → Delivered,True,,,False
ORD-0292,CN,Order Created → Order Approved → Production Started → Quality Check → Shipping Started → Delivered,True,,,False
ORD-0293,DE,Order Created → Order Approved → Production Started → Quality Check → Shipping Started → Delivered,True,,,False
ORD-0294,US,Order Created → Order Approved → Production Started → Quality Check → Shipping Started → Delivered,True,,,False
ORD-0295,US,Order Created → Order Approved → Production Started → Quality Check → Shipping Started → Delivered,True,,,False
ORD-0296,IN,Order Created → Order Approved → Production Started → Quality Check → Shipping Started → Delivered,True,,,False
ORD-0297,CN,Order Created → Order Approved → Production Started → Quality Check → Shipping Started → Delivered,True,,,False
ORD-0298,US,Order Created → Order Approved → Production Started → Quality Check → Shipping Started → Delivered,True,,,False
ORD-0299,DE,Order Created → Order Approved → Production Started → Quality Check → Shipping Started → Delivered,True,,,False
ORD-0300,IN,Order Created → Order Approved → Production Started → Quality Check → Shipping Started → Delivered,True,,,False
ORD-0301,IN,Order Created → Order Approved → Production Started → Quality Check → Shipping Started → Delivered,True,,,False
ORD-0302,BR,Order Created → Order Approved → Production Started → Quality Check → Shipping Started → Delivered,True,,,False
ORD-0303,CN,Order Created → Order Approved → Production Started → Quality Check → Shipping Started → Delivered,True,,,False
ORD-0304,CN,Order Created → Order Approved → Production Started → Quality Check → Shipping Started → Delivered,True,,,False
ORD-0305,IN,Order Created → Order Approved → Production Started → Quality Check → Shipping Started → Delivered,True,,,False
ORD-0306,DE,Order Created → Order Approved → Production Started → Quality Check → Shipping Started → Delivered,True,,,False
ORD-0307,BR,Order Created → Order Approved → Production Started → Quality Check → Shipping Started → Delivered,True,,,False
ORD-0308,DE,Order Created → Order Approved → Production Started → Quality Check → Shipping Started → Delivered,True,,,False
ORD-0309,IN,Order Created → Order Approved → Production Started → Quality Check → Shipping Started → Delivered,True,,,False
ORD-0310,BR,Order Created → Order Approved → Production Started → Quality Check → Shipping Started → Delivered,True,,,False
ORD-0311,IN,Order Created → Order Approved → Production Started → Quality Check → Shipping Started → Delivered,True,,,False
ORD-0312,US,Order Created → Order Approved → Production Started → Quality Check → Shipping Started → Delivered,True,,,False
ORD-0313,CN,Order Created → Order Approved → Production Started → Quality Check → Shipping Started → Delivered,True,,,False
ORD-0314,IN,Order Created → Order Approved → Production Started → Quality Check → Shipping Started → Delivered,True,,,False
ORD-0315,US,Order Created → Order Approved → Production Started → Quality Check → Shipping Started → Delivered,True,,,False
ORD-0316,US,Order Created → Order Approved → Production Started → Quality Check → Shipping Started → Delivered,True,,,False
ORD-0317,CN,Order Created → Order Approved → Production Started → Quality Check → Shipping Started → Delivered,True,,,False
ORD-0318,CN,Order Created → Order Approved → Production Started → Quality Check → Shipping Started → Delivered,True,,,False
ORD-0319,US,Order Created → Order Approved → Production Started → Quality Check → Shipping Started → Delivered,True,,,False
ORD-0320,BR,Order Created → Order Approved → Production Started → Quality Check → Shipping Started → Delivered,True,,,False
ORD-0321,DE,Order Created → Order Approved → Production Started → Quality Check → Shipping Started → Delivered,True,,,False
ORD-0322,IN,Order Created → Order Approved → Production Started → Quality Check → Shipping Started → Delivered,True,,,False
ORD-0323,IN,Order Created → Order Approved → Production Started → Quality Check → Shipping Started → Delivered,True,,,False
ORD-0324,BR,Order Created → Order Approved → Production Started → Quality Check → Shipping Started → Delivered,True,,,False
ORD-0325,US,Order Created → Order Approved → Production Started → Quality Check → Shipping Started → Delivered,True,,,False
ORD-0326,BR,Order Created → Order Approved → Production Started → Quality Check → Shipping Started → Delivered,True,,,False
ORD-0327,IN,Order Created → Order Approved → Production Started → Quality Check → Shipping Started → Delivered,True,,,False
ORD-0328,BR,Order Created → Order Approved → Production Started → Quality Check → Shipping Started → Delivered,True,,,False
ORD-0329,IN,Order Created → Order Approved → Production Started → Quality Check → Shipping Started → Delivered,True,,,False
ORD-0330,IN,Order Created → Order Approved → Production Started → Quality Check → Shipping Started → Delivered,True,,,False
ORD-0331,BR,Order Created → Order Approved → Production Started → Quality Check → Shipping Started → Delivered,True,,,False
ORD-0332,IN,Order Created → Order Approved → Production Started → Quality Check → Shipping Started → Delivered,True,,,False
ORD-0333,US,Order Created → Order Approved → Production Started → Quality Check → Shipping Started → Delivered,True,,,False
ORD-0334,IN,Order Created → Order Approved → Production Started → Quality Check → Shipping Started → Delivered,True,,,False
ORD-0335,IN,Order Created → Order Approved → Production Started → Quality Check → Shipping Started → Delivered,True,,,False
ORD-0336,IN,Order Created → Order Approved → Production Started → Quality Check → Shipping Started → Delivered,True,,,False
ORD-0337,CN,Order Created → Order Approved → Production Started → Quality Check → Shipping Started → Delivered,True,,,False
ORD-0338,BR,Order Created → Order Approved → Production Started → Quality Check → Shipping Started → Delivered,True,,,False
ORD-0339,US,Order Created → Order Approved → Production Started → Quality Check → Shipping Started → Delivered,True,,,False
ORD-0340,BR,Order Created → Order Approved → Production Started → Quality Check → Shipping Started → Delivered,True,,,False
ORD-0341,BR,Order Created → Order Approved → Production Started → Quality Check → Shipping Started → Delivered,True,,,False
ORD-0342,DE,Order Created → Order Approved → Production Started → Quality Check → Shipping Started → Delivered,True,,,False
ORD-0343,US,Order Created → Order Approved → Production Started → Quality Check → Shipping Started → Delivered,True,,,False
ORD-0344,BR,Order Created → Order Approved → Production Started → Quality Check → Shipping Started → Delivered,True,,,False
ORD-0345,DE,Order Created → Order Approved → Production Started → Quality Check → Shipping Started → Delivered,True,,,False
ORD-0346,US,Order Created → Order Approved → Production Started → Quality Check → Shipping Started → Delivered,True,,,False
ORD-0347,IN,Order Created → Order Approved → Production Started → Quality Check → Shipping Started → Delivered,True,,,False
ORD-0348,BR,Order Created → Order Approved → Production Started → Quality Check → Shipping Started → Delivered,True,,,False
ORD-0349,BR,Order Created → Order Approved → Production Started → Quality Check → Shipping Started → Delivered,True,,,False
ORD-0350,BR,Order Created → Order Approved → Production Started → Quality Check → Shipping Started → Delivered,True,,,False
ORD-0351,BR,Order Created → Order Approved → Production Started → Quality Check → Shipping Started → Delivered,True,,,False
ORD-0352,US,Order Created → Order Approved → Production Started → Quality Check → Shipping Started → Delivered,True,,,False
ORD-0353,DE,Order Created → Order Approved → Production Started → Quality Check → Shipping Started → Delivered,True,,,False
ORD-0354,BR,Order Created → Order Approved → Production Started → Quality Check → Shipping Started → Delivered,True,,,False
ORD-0355,IN,Order Created → Order Approved → Production Started → Quality Check → Shipping Started → Delivered,True,,,False
ORD-0356,CN,Order Created → Order Approved → Production Started → Quality Check → Shipping Started → Delivered,True,,,False
ORD-0357,DE,Order Created → Order Approved → Production Started → Quality Check → Shipping Started → Delivered,True,,,False
ORD-0358,US,Order Created → Order Approved → Production Started → Quality Check → Shipping Started → Delivered,True,,,False
ORD-0359,IN,Order Created → Order Approved → Production Started → Quality Check → Shipping Started → Delivered,True,,,False
ORD-0360,IN,Order Created → Order Approved → Production Started → Quality Check → Shipping Started → Delivered,True,,,False
ORD-0361,BR,Order Created → Order Approved → Production Started → Quality Check → Shipping Started → Delivered,True,,,False
ORD-0362,US,Order Created → Order Approved → Production Started → Quality Check → Shipping Started → Delivered,True,,,False
ORD-0363,BR,Order Created → Order Approved → Production Started → Quality Check → Shipping Started → Delivered,True,,,False
ORD-0364,DE,Order Created → Order Approved → Production Started → Quality Check → Shipping Started → Delivered,True,,,False
ORD-0365,IN,Order Created → Order Approved → Production Started → Quality Check → Shipping Started → Delivered,True,,,False
ORD-0366,CN,Order Created → Order Approved → Production Started → Quality Check → Shipping Started → Delivered,True,,,False
ORD-0367,IN,Order Created → Order Approved → Production Started → Quality Check → Shipping Started → Delivered,True,,,False
ORD-0368,US,Order Created → Order Approved → Production Started → Quality Check → Shipping Started → Delivered,True,,,False
ORD-0369,IN,Order Created → Order Approved → Production Started → Quality Check → Shipping Started → Delivered,True,,,False
ORD-0370,BR,Order Created → Order Approved → Production Started → Quality Check → Shipping Started → Delivered,True,,,False
ORD-0371,DE,Order Created → Order Approved → Production Started → Quality Check → Shipping Started → Delivered,True,,,False
ORD-0372,BR,Order Created → Order Approved → Production Started → Quality Check → Shipping Started → Delivered,True,,,False
ORD-0373,IN,Order Created → Order Approved → Production Started → Quality Check → Shipping Started → Delivered,True,,,False
ORD-0374,BR,Order Created → Order Approved → Production Started → Quality Check → Shipping Started → Delivered,True,,,False
ORD-0375,BR,Order Created → Order Approved → Production Started → Quality Check → Shipping Started → Delivered,True,,,False
ORD-0376,BR,Order Created → Order Approved → Production Started → Quality Check → Shipping Started → Delivered,True,,,False
ORD-0377,CN,Order Created → Order Approved → Production Started → Quality Check → Shipping Started → Delivered,True,,,False
ORD-0378,US,Order Created → Order Approved → Production Started → Quality Check → Shipping Started → Delivered,True,,,False
ORD-0379,DE,Order Created → Order Approved → Production Started → Quality Check → Shipping Started → Delivered,True,,,False
ORD-0380,DE,Order Created → Order Approved → Production Started → Quality Check → Shipping Started → Delivered,True,,,False
ORD-0381,CN,Order Created → Order Approved → Production Started → Quality Check → Shipping Started → Delivered,True,,,False
ORD-0382,BR,Order Created → Order Approved → Production Started → Quality Check → Shipping Started → Delivered,True,,,False
ORD-0383,US,Order Created → Order Approved → Production Started → Quality Check → Shipping Started → Delivered,True,,,False
ORD-0384,US,Order Created → Order Approved → Production Started → Quality Check → Shipping Started → Delivered,True,,,False
ORD-0385,DE,Order Created → Order Approved → Production Started → Quality Check → Shipping Started → Delivered,True,,,False
ORD-0386,US,Order Created → Order Approved → Production Started → Quality Check → Shipping Started → Delivered,True,,,False
ORD-0387,BR,Order Created → Order Approved → Production Started → Quality Check → Shipping Started → Delivered,True,,,False
ORD-0388,US,Order Created → Order Approved → Production Started → Quality Check → Shipping Started → Delivered,True,,,False
ORD-0389,DE,Order Created → Order Approved → Production Started → Quality Check → Shipping Started → Delivered,True,,,False
ORD-0390,DE,Order Created → Order Approved → Production Started → Quality Check → Shipping Started → Delivered,True,,,False
ORD-0391,CN,Order Created → Order Approved → Production Started → Quality Check → Shipping Started → Delivered,True,,,False
ORD-0392,IN,Order Created → Order Approved → Production Started → Quality Check → Shipping Started → Delivered,True,,,False
ORD-0393,DE,Order Created → Order Approved → Production Started → Quality Check → Shipping Started → Delivered,True,,,False
ORD-0394,US,Order Created → Order Approved → Production Started → Quality Check → Shipping Started → Delivered,True,,,False
ORD-0395,CN,Order Created → Order Approved → Production Started → Quality Check → Shipping Started → Delivered,True,,,False
ORD-0396,IN,Order Created → Order Approved → Production Started → Quality Check → Shipping Started → Delivered,True,,,False
ORD-0397,US,Order Created → Order Approved → Production Started → Quality Check → Shipping Started → Delivered,True,,,False
ORD-0398,IN,Order Created → Order Approved → Production Started → Quality Check → Shipping Started → Delivered,True,,,False
ORD-0399,BR,Order Created → Order Approved → Production Started → Quality Check → Shipping Started → Delivered,True,,,False
ORD-0400,IN,Order Created → Order Approved → Production Started → Quality Check → Shipping Started → Delivered,True,,,False
ORD-0401,IN,Order Created → Order Approved → Production Started → Quality Check → Shipping Started → Delivered,True,,,False
ORD-0402,IN,Order Created → Order Approved → Production Started → Quality Check → Shipping Started → Delivered,True,,,False
ORD-0403,IN,Order Created → Order Approved → Production Started → Quality Check → Shipping Started → Delivered,True,,,False
ORD-0404,DE,Order Created → Order Approved → Production Started → Quality Check → Shipping Started → Delivered,True,,,False
ORD-0405,CN,Order Created → Order Approved → Production Started → Quality Check → Shipping Started → Delivered,True,,,False
ORD-0406,BR,Order Created → Order Approved → Production Started → Quality Check → Shipping Started → Delivered,True,,,False
ORD-0407,DE,Order Created → Order Approved → Production Started → Quality Check → Shipping Started → Delivered,True,,,False
ORD-0408,CN,Order Created → Order Approved → Production Started → Quality Check → Shipping Started → Delivered,True,,,False
ORD-0409,IN,Order Created → Order Approved → Production Started → Quality Check → Shipping Started → Delivered,True,,,False
ORD-0410,CN,Order Created → Order Approved → Production Started → Quality Check → Shipping Started → Delivered,True,,,False
ORD-0411,CN,Order Created → Order Approved → Production Started → Quality Check → Shipping Started → Delivered,True,,,False
ORD-0412,DE,Order Created → Order Approved → Production Started → Quality Check → Shipping Started → Delivered,True,,,False
ORD-0413,DE,Order Created → Order Approved → Production Started → Quality Check → Shipping Started → Delivered,True,,,False
ORD-0414,US,Order Created → Order Approved → Production Started → Quality Check → Shipping Started → Delivered,True,,,False
ORD-0415,US,Order Created → Order Approved → Production Started → Quality Check → Shipping Started → Delivered,True,,,False
ORD-0416,BR,Order Created → Order Approved → Production Started → Quality Check → Shipping Started → Delivered,True,,,False
ORD-0417,IN,Order Created → Order Approved → Production Started → Quality Check → Shipping Started → Delivered,True,,,False
ORD-0418,BR,Order Created → Order Approved → Production Started → Quality Check → Shipping Started → Delivered,True,,,False
ORD-0419,US,Order Created → Order Approved → Production Started → Quality Check → Shipping Started → Delivered,True,,,False
ORD-0420,BR,Order Created → Order Approved → Production Started → Quality Check → Shipping Started → Delivered,True,,,False
ORD-0421,CN,Order Created → Order Approved → Production Started → Quality Check → Shipping Started → Delivered,True,,,False
ORD-0422,US,Order Created → Order Approved → Production Started → Quality Check → Shipping Started → Delivered,True,,,False
ORD-0423,US,Order Created → Order Approved → Production Started → Quality Check → Shipping Started → Delivered,True,,,False
ORD-0424,US,Order Created → Order Approved → Production Started → Quality Check → Shipping Started → Delivered,True,,,False
ORD-0425,IN,Order Created → Order Approved → Production Started → Quality Check → Shipping Started → Delivered,True,,,False
ORD-0426,DE,Order Created → Order Approved → Production Started → Quality Check → Shipping Started → Delivered,True,,,False
ORD-0427,BR,Order Created → Order Approved → Production Started → Quality Check → Shipping Started → Delivered,True,,,False
ORD-0428,CN,Order Created → Order Approved → Production Started → Quality Check → Shipping Started → Delivered,True,,,False
ORD-0429,US,Order Created → Order Approved → Production Started → Quality Check → Shipping Started → Delivered,True,,,False
ORD-0430,DE,Order Created → Order Approved → Production Started → Quality Check → Shipping Started → Delivered,True,,,False
ORD-0431,CN,Order Created → Order Approved → Production Started → Quality Check → Shipping Started → Delivered,True,,,False
ORD-0432,BR,Order Created → Order Approved → Production Started → Quality Check → Shipping Started → Delivered,True,,,False
ORD-0433,BR,Order Created → Order Approved → Production Started → Quality Check → Shipping Started → Delivered,True,,,False
ORD-0434,US,Order Created → Order Approved → Production Started → Quality Check → Shipping Started → Delivered,True,,,False
ORD-0435,CN,Order Created → Order Approved → Production Started → Quality Check → Shipping Started → Delivered,True,,,False
ORD-0436,IN,Order Created → Order Approved → Production Started → Quality Check → Shipping Started → Delivered,True,,,False
ORD-0437,CN,Order Created → Order Approved → Production Started → Quality Check → Shipping Started → Delivered,True,,,False
ORD-0438,BR,Order Created → Order Approved → Production Started → Quality Check → Shipping Started → Delivered,True,,,False
ORD-0439,US,Order Created → Order Approved → Production Started → Quality Check → Shipping Started → Delivered,True,,,False
ORD-0440,BR,Order Created → Order Approved → Production Started → Quality Check → Shipping Started → Delivered,True,,,False
ORD-0441,CN,Order Created → Order Approved → Production Started → Quality Check → Shipping Started → Delivered,True,,,False
ORD-0442,US,Order Created → Order Approved → Production Started → Quality Check → Shipping Started → Delivered,True,,,False
ORD-0443,US,Order Created → Order Approved → Production Started → Quality Check → Shipping Started → Delivered,True,,,False
ORD-0444,BR,Order Created → Order Approved → Production Started → Quality Check → Shipping Started → Delivered,True,,,False
ORD-0445,IN,Order Created → Order Approved → Production Started → Quality Check → Shipping Started → Delivered,True,,,False
ORD-0446,DE,Order Created → Order Approved → Production Started → Quality Check → Shipping Started → Delivered,True,,,False
ORD-0447,IN,Order Created → Order Approved → Production Started → Quality Check → Shipping Started → Delivered,True,,,False
ORD-0448,US,Order Created → Order Approved → Production Started → Quality Check → Shipping Started → Delivered,True,,,False
ORD-0449,IN,Order Created → Order Approved → Production Started → Quality Check → Shipping Started → Delivered,True,,,False
ORD-0450,IN,Order Created → Order Approved → Production Started → Quality Check → Shipping Started → Delivered,True,,,False
ORD-0451,IN,Order Created → Order Approved → Production Started → Quality Check → Shipping Started → Delivered,True,,,False
ORD-0452,US,Order Created → Order Approved → Production Started → Quality Check → Shipping Started → Delivered,True,,,False
ORD-0453,IN,Order Created → Order Approved → Production Started → Quality Check → Shipping Started → Delivered,True,,,False
ORD-0454,US,Order Created → Order Approved → Production Started → Quality Check → Shipping Started → Delivered,True,,,False
ORD-0455,US,Order Created → Order Approved → Production Started → Quality Check → Shipping Started → Delivered,True,,,False
ORD-0456,CN,Order Created → Order Approved → Production Started → Quality Check → Shipping Started → Delivered,True,,,False
ORD-0457,IN,Order Created → Order Approved → Production Started → Quality Check → Shipping Started → Delivered,True,,,False
ORD-0458,IN,Order Created → Order Approved → Production Started → Quality Check → Shipping Started → Delivered,True,,,False
ORD-0459,DE,Order Created → Order Approved → Production Started → Quality Check → Shipping Started → Delivered,True,,,False
ORD-0460,BR,Order Created → Order Approved → Production Started → Quality Check → Shipping Started → Delivered,True,,,False
ORD-0461,DE,Order Created → Order Approved → Production Started → Quality Check → Shipping Started → Delivered,True,,,False
ORD-0462,CN,Order Created → Order Approved → Production Started → Quality Check → Shipping Started → Delivered,True,,,False
ORD-0463,US,Order Created → Order Approved → Production Started → Quality Check → Shipping Started → Delivered,True,,,False
ORD-0464,CN,Order Created → Order Approved → Production Started → Quality Check → Shipping Started → Delivered,True,,,False
ORD-0465,DE,Order Created → Order Approved → Production Started → Quality Check → Shipping Started → Delivered,True,,,False
ORD-0466,US,Order Created → Order Approved → Production Started → Quality Check → Shipping Started → Delivered,True,,,False
ORD-0467,DE,Order Created → Order Approved → Production Started → Quality Check → Shipping Started → Delivered,True,,,False
ORD-0468,BR,Order Created → Order Approved → Production Started → Quality Check → Shipping Started → Delivered,True,,,False
ORD-0469,US,Order Created → Order Approved → Production Started → Quality Check → Shipping Started → Delivered,True,,,False
ORD-0470,US,Order Created → Order Approved → Production Started → Quality Check → Shipping Started → Delivered,True,,,False
ORD-0471,BR,Order Created → Order Approved → Production Started → Quality Check → Shipping Started → Delivered,True,,,False
ORD-0472,IN,Order Created → Order Approved → Production Started → Quality Check → Shipping Started → Delivered,True,,,False
ORD-0473,IN,Order Created → Order Approved → Production Started → Quality Check → Shipping Started → Delivered,True,,,False
ORD-0474,BR,Order Created → Order Approved → Production Started → Quality Check → Shipping Started → Delivered,True,,,False
ORD-0475,CN,Order Created → Order Approved → Production Started → Quality Check → Shipping Started → Delivered,True,,,False
ORD-0476,BR,Order Created → Order Approved → Production Started → Quality Check → Shipping Started → Delivered,True,,,False
ORD-0477,BR,Order Created → Order Approved → Production Started → Quality Check → Shipping Started → Delivered,True,,,False
ORD-0478,CN,Order Created → Order Approved → Production Started → Quality Check → Shipping Started → Delivered,True,,,False
ORD-0479,BR,Order Created → Order Approved → Production Started → Quality Check → Shipping Started → Delivered,True,,,False
ORD-0480,BR,Order Created → Order Approved → Production Started → Quality Check → Shipping Started → Delivered,True,,,False
ORD-0481,CN,Order Created → Order Approved → Production Started → Quality Check → Shipping Started → Delivered,True,,,False
ORD-0482,IN,Order Created → Order Approved → Production Started → Quality Check → Shipping Started → Delivered,True,,,False
ORD-0483,BR,Order Created → Order Approved → Production Started → Quality Check → Shipping Started → Delivered,True,,,False
ORD-0484,IN,Order Created → Order Approved → Production Started → Quality Check → Shipping Started → Delivered,True,,,False
ORD-0485,IN,Order Created → Order Approved → Production Started → Quality Check → Shipping Started → Delivered,True,,,False
ORD-0486,DE,Order Created → Order Approved → Production Started → Quality Check → Shipping Started → Delivered,True,,,False
ORD-0487,BR,Order Created → Order Approved → Production Started → Quality Check → Shipping Started → Delivered,True,,,False
ORD-0488,CN,Order Created → Order Approved → Production Started → Quality Check → Shipping Started → Delivered,True,,,False
ORD-0489,US,Order Created → Order Approved → Production Started → Quality Check → Shipping Started → Delivered,True,,,False
ORD-0490,CN,Order Created → Order Approved → Production Started → Quality Check → Shipping Started → Delivered,True,,,False
ORD-0491,DE,Order Created → Order Approved → Production Started → Quality Check → Shipping Started → Delivered,True,,,False
ORD-0492,US,Order Created → Order Approved → Production Started → Quality Check → Shipping Started → Delivered,True,,,False
ORD-0493,US,Order Created → Order Approved → Production Started → Quality Check → Shipping Started → Delivered,True,,,False
ORD-0494,BR,Order Created → Order Approved → Production Started → Quality Check → Shipping Started → Delivered,True,,,False
ORD-0495,DE,Order Created → Order Approved → Production Started → Quality Check → Shipping Started → Delivered,True,,,False
ORD-0496,CN,Order Created → Order Approved → Production Started → Quality Check → Shipping Started → Delivered,True,,,False
ORD-0497,IN,Order Created → Order Approved → Production Started → Quality Check → Shipping Started → Delivered,True,,,False
ORD-0498,US,Order Created → Order Approved → Production Started → Quality Check → Shipping Started → Delivered,True,,,False
ORD-0499,US,Order Created → Order Approved → Production Started → Quality Check → Shipping Started → Delivered,True,,,False
ORD-0500,CN,Order Created → Order Approved → Production Started → Quality Check → Shipping Started → Delivered,True,,,False
ORD-0501,IN,Order Created → Order Approved → Production Started → Quality Check → Shipping Started → Delivered,True,,,False
ORD-0502,BR,Order Created → Order Approved → Production Started → Quality Check → Shipping Started → Delivered,True,,,False
ORD-0503,CN,Order Created → Order Approved → Production Started → Quality Check → Shipping Started → Delivered,True,,,False
ORD-0504,DE,Order Created → Order Approved → Production Started → Quality Check → Shipping Started → Delivered,True,,,False
ORD-0505,CN,Order Created → Order Approved → Production Started → Quality Check → Shipping Started → Delivered,True,,,False
ORD-0506,BR,Order Created → Order Approved → Production Started → Quality Check → Shipping Started → Delivered,True,,,False
ORD-0507,BR,Order Created → Order Approved → Production Started → Quality Check → Shipping Started → Delivered,True,,,False
ORD-0508,US,Order Created → Order Approved → Production Started → Quality Check → Shipping Started → Delivered,True,,,False
ORD-0509,CN,Order Created → Order Approved → Production Started → Quality Check → Shipping Started → Delivered,True,,,False
ORD-0510,CN,Order Created → Order Approved → Production Started → Quality Check → Shipping Started → Delivered,True,,,False
ORD-0511,US,Order Created → Order Approved → Production Started → Quality Check → Shipping Started → Delivered,True,,,False
ORD-0512,CN,Order Created → Order Approved → Production Started → Quality Check → Shipping Started → Delivered,True,,,False
ORD-0513,US,Order Created → Order Approved → Production Started → Quality Check → Shipping Started → Delivered,True,,,False
ORD-0514,IN,Order Created → Order Approved → Production Started → Quality Check → Shipping Started → Delivered,True,,,False
ORD-0515,DE,Order Created → Order Approved → Production Started → Quality Check → Shipping Started → Delivered,True,,,False
ORD-0516,DE,Order Created → Order Approved → Production Started → Quality Check → Shipping Started → Delivered,True,,,False
ORD-0517,IN,Order Created → Order Approved → Production Started → Quality Check → Shipping Started → Delivered,True,,,False
ORD-0518,US,Order Created → Order Approved → Production Started → Quality Check → Shipping Started → Delivered,True,,,False
ORD-0519,CN,Order Created → Order Approved → Production Started → Quality Check → Shipping Started → Delivered,True,,,False
ORD-0520,BR,Order Created → Order Approved → Production Started → Quality Check → Shipping Started → Delivered,True,,,False
ORD-0521,BR,Order Created → Order Approved → Production Started → Quality Check → Shipping Started → Delivered,True,,,False
ORD-0522,BR,Order Created → Order Approved → Production Started → Quality Check → Shipping Started → Delivered,True,,,False
ORD-0523,IN,Order Created → Order Approved → Production Started → Quality Check → Shipping Started → Delivered,True,,,False
ORD-0524,DE,Order Created → Order Approved → Production Started → Quality Check → Shipping Started → Delivered,True,,,False
ORD-0525,CN,Order Created → Order Approved → Production Started → Quality Check → Shipping Started → Delivered,True,,,False
ORD-0526,IN,Order Created → Order Approved → Production Started → Quality Check → Shipping Started → Delivered,True,,,False
ORD-0527,CN,Order Created → Order Approved → Production Started → Quality Check → Shipping Started → Delivered,True,,,False
ORD-0528,DE,Order Created → Order Approved → Production Started → Quality Check → Shipping Started → Delivered,True,,,False
ORD-0529,US,Order Created → Order Approved → Production Started → Quality Check → Shipping Started → Delivered,True,,,False
ORD-0530,IN,Order Created → Order Approved → Production Started → Quality Check → Shipping Started → Delivered,True,,,False
ORD-0531,DE,Order Created → Order Approved → Production Started → Quality Check → Shipping Started → Delivered,True,,,False
ORD-0532,IN,Order Created → Order Approved → Production Started → Quality Check → Shipping Started → Delivered,True,,,False
ORD-0533,BR,Order Created → Order Approved → Production Started → Quality Check → Shipping Started → Delivered,True,,,False
ORD-0534,CN,Order Created → Order Approved → Production Started → Quality Check → Shipping Started → Delivered,True,,,False
ORD-0535,DE,Order Created → Order Approved → Production Started → Quality Check → Shipping Started → Delivered,True,,,False
ORD-0536,BR,Order Created → Order Approved → Production Started → Quality Check → Shipping Started → Delivered,True,,,False
ORD-0537,BR,Order Created → Order Approved → Production Started → Quality Check → Shipping Started → Delivered,True,,,False
ORD-0538,DE,Order Created → Order Approved → Production Started → Quality Check → Shipping Started → Delivered,True,,,False
ORD-0539,DE,Order Created → Order Approved → Production Started → Quality Check → Shipping Started → Delivered,True,,,False
ORD-0540,IN,Order Created → Order Approved → Production Started → Quality Check → Shipping Started → Delivered,True,,,False
ORD-0541,US,Order Created → Order Approved → Production Started → Quality Check → Shipping Started → Delivered,True,,,False
ORD-0542,US,Order Created → Order Approved → Production Started → Quality Check → Shipping Started → Delivered,True,,,False
ORD-0543,DE,Order Created → Order Approved → Production Started → Quality Check → Shipping Started → Delivered,True,,,False
ORD-0544,BR,Order Created → Order Approved → Production Started → Quality Check → Shipping Started → Delivered,True,,,False
ORD-0545,BR,Order Created → Order Approved → Production Started → Quality Check → Shipping Started → Delivered,True,,,False
ORD-0546,US,Order Created → Order Approved → Production Started → Quality Check → Shipping Started → Delivered,True,,,False
ORD-0547,US,Order Created → Order Approved → Production Started → Quality Check → Shipping Started → Delivered,True,,,False
ORD-0548,US,Order Created → Order Approved → Production Started → Quality Check → Shipping Started → Delivered,True,,,False
ORD-0549,DE,Order Created → Order Approved → Production Started → Quality Check → Shipping Started → Delivered,True,,,False
ORD-0550,DE,Order Created → Order Approved → Production Started → Quality Check → Shipping Started → Delivered,True,,,False
ORD-0551,BR,Order Created → Order Approved → Production Started → Quality Check → Shipping Started → Delivered,True,,,False
ORD-0552,BR,Order Created → Order Approved → Production Started → Quality Check → Shipping Started → Delivered,True,,,False
ORD-0553,BR,Order Created → Order Approved → Production Started → Quality Check → Shipping Started → Delivered,True,,,False
ORD-0554,US,Order Created → Order Approved → Production Started → Quality Check → Shipping Started → Delivered,True,,,False
ORD-0555,IN,Order Created → Order Approved → Production Started → Quality Check → Shipping Started → Delivered,True,,,False
ORD-0556,IN,Order Created → Order Approved → Production Started → Quality Check → Shipping Started → Delivered,True,,,False
ORD-0557,IN,Order Created → Order Approved → Production Started → Quality Check → Shipping Started → Delivered,True,,,False
ORD-0558,US,Order Created → Order Approved → Production Started → Quality Check → Shipping Started → Delivered,True,,,False
ORD-0559,BR,Order Created → Order Approved → Production Started → Quality Check → Shipping Started → Delivered,True,,,False
ORD-0560,BR,Order Created → Order Approved → Production Started → Quality Check → Shipping Started → Delivered,True,,,False
ORD-0561,BR,Order Created → Order Approved → Production Started → Quality Check → Shipping Started → Delivered,True,,,False
ORD-0562,BR,Order Created → Order Approved → Production Started → Quality Check → Shipping Started → Delivered,True,,,False
ORD-0563,DE,Order Created → Order Approved → Production Started → Quality Check → Shipping Started → Delivered,True,,,False
ORD-0564,CN,Order Created → Order Approved → Production Started → Quality Check → Shipping Started → Delivered,True,,,False
ORD-0565,IN,Order Created → Order Approved → Production Started → Quality Check → Shipping Started → Delivered,True,,,False
ORD-0566,IN,Order Created → Order Approved → Production Started → Quality Check → Shipping Started → Delivered,True,,,False
ORD-0567,IN,Order Created → Order Approved → Production Started → Quality Check → Shipping Started → Delivered,True,,,False
ORD-0568,IN,Order Created → Order Approved → Production Started → Quality Check → Shipping Started → Delivered,True,,,False
ORD-0569,DE,Order Created → Order Approved → Production Started → Quality Check → Shipping Started → Delivered,True,,,False
ORD-0570,BR,Order Created → Order Approved → Production Started → Quality Check → Shipping Started → Delivered,True,,,False
ORD-0571,BR,Order Created → Order Approved → Production Started → Quality Check → Shipping Started → Delivered,True,,,False
ORD-0572,DE,Order Created → Order Approved → Production Started → Quality Check → Shipping Started → Delivered,True,,,False
ORD-0573,DE,Order Created → Order Approved → Production Started → Quality Check → Shipping Started → Delivered,True,,,False
ORD-0574,IN,Order Created → Order Approved → Production Started → Quality Check → Shipping Started → Delivered,True,,,False
ORD-0575,IN,Order Created → Order Approved → Production Started → Quality Check → Shipping Started → Delivered,True,,,False
ORD-0576,DE,Order Created → Order Approved → Production Started → Quality Check → Shipping Started → Delivered,True,,,False
ORD-0577,CN,Order Created → Order Approved → Production Started → Quality Check → Shipping Started → Delivered,True,,,False
ORD-0578,DE,Order Created → Order Approved → Production Started → Quality Check → Shipping Started → Delivered,True,,,False
ORD-0579,BR,Order Created → Order Approved → Production Started → Quality Check → Shipping Started → Delivered,True,,,False
ORD-0580,DE,Order Created → Order Approved → Production Started → Quality Check → Shipping Started → Delivered,True,,,False
ORD-0581,DE,Order Created → Order Approved → Production Started → Quality Check → Shipping Started → Delivered,True,,,False
ORD-0582,IN,Order Created → Order Approved → Production Started → Quality Check → Shipping Started → Delivered,True,,,False
ORD-0583,US,Order Created → Order Approved → Production Started → Quality Check → Shipping Started → Delivered,True,,,False
ORD-0584,DE,Order Created → Order Approved → Production Started → Quality Check → Shipping Started → Delivered,True,,,False
ORD-0585,BR,Order Created → Order Approved → Production Started → Quality Check → Shipping Started → Delivered,True,,,False
ORD-0586,DE,Order Created → Order Approved → Production Started → Quality Check → Shipping Started → Delivered,True,,,False
ORD-0587,IN,Order Created → Order Approved → Production Started → Quality Check → Shipping Started → Delivered,True,,,False
ORD-0588,DE,Order Created → Order Approved → Production Started → Quality Check → Shipping Started → Delivered,True,,,False
ORD-0589,IN,Order Created → Order Approved → Production Started → Quality Check → Shipping Started → Delivered,True,,,False
ORD-0590,DE,Order Created → Order Approved → Production Started → Quality Check → Shipping Started → Delivered,True,,,False
ORD-0591,BR,Order Created → Order Approved → Production Started → Quality Check → Shipping Started → Delivered,True,,,False
ORD-0592,IN,Order Created → Order Approved → Production Started → Quality Check → Shipping Started → Delivered,True,,,False
ORD-0593,IN,Order Created → Order Approved → Production Started → Quality Check → Shipping Started → Delivered,True,,,False
ORD-0594,IN,Order Created → Order Approved → Production Started → Quality Check → Shipping Started → Delivered,True,,,False
ORD-0595,US,Order Created → Order Approved → Production Started → Quality Check → Shipping Started → Delivered,True,,,False
ORD-0596,US,Order Created → Order Approved → Production Started → Quality Check → Shipping Started → Delivered,True,,,False
ORD-0597,US,Order Created → Order Approved → Production Started → Quality Check → Shipping Started → Delivered,True,,,False
ORD-0598,CN,Order Created → Order Approved → Production Started → Quality Check → Shipping Started → Delivered,True,,,False
ORD-0599,CN,Order Created → Order Approved → Production Started → Quality Check → Shipping Started → Delivered,True,,,False
ORD-0600,IN,Order Created → Order Approved → Production Started → Quality Check → Shipping Started → Delivered,True,,,False
